<?xml version="1.0" encoding="UTF-8" standalone="yes"?>
<addon id="plugin.video.AmerikanoTuga"
       name="[COLOR red][B]AMERIKANO[/B][/COLOR][COLOR green][B]TUGA[/B][/COLOR]"
       version="0.10"
       provider-name="Amerikano Tuga">
  <requires>
    <import addon="xbmc.python" version="2.1.0"/>
    <import addon="script.module.beautifulsoup" version="3.2.1"/>
    <import addon="script.module.simple.downloader" version="0.9.4"/>
    <import addon="script.module.beautifulsoup4" />
    <import addon="script.module.requests" />
    <import addon="script.module.httplib2" />
    <import addon="script.module.liveresolver" version="0.1.24" optional="true"/>
    <import addon="script.module.youtube.dl" optional="true"/>
    <import addon="plugin.video.youtube" optional="true" />
	<import addon="plugin.video.SportsDevil" optional="true" />
    <import addon="script.module.urlresolver" optional="true"/>
    <import addon="script.module.simplejson" />    
     <import addon="script.module.livestreamer" optional="true"/>
     <import addon="script.module.pyamf" optional="true"/>
  </requires>
  <extension point="xbmc.python.pluginsource" library="default.py">
    <provides>video</provides>
  </extension>
  
  <extension point="xbmc.addon.repository" name="repository.AmerikanoTuga">
		<info compressed="false">https://github.com/amerikanotech/repo/raw/master/addons.xml</info>
		<checksum>https://raw.githubusercontent.com/amerikanotech/repo/master/addons.xml.md5</checksum>
		<datadir zip="true">https://github.com/amerikanotech/repo/raw/master/zip/</datadir>
	</extension>
  	

  	
  <extension point="xbmc.addon.metadata">
    <summary>Amerikano Tuga</summary>
    <description>
        Todos os links disponibilizados no Addon estao disponiveis 
em procura livre na internet.
             
    </description>
    <platform>all</platform>
	<assets>
            <icon>icon.png</icon>
            <fanart>fanart.gif</fanart>
        </assets>
  </extension>
</addon>

